,0,labels
0,Now only $0.99/month. Get decision driven data.,0
1,"Imagine my glee as my post goes ultra viral with 3 million views, 2K new followers, 43K likes and 1000 shares. Yay me! Fast-forward 12 hours... imagine my confused little face (see below) when I see my post again. Only this time it's on someone else's feed, has 7+ million views and 140,000 likes. Now I'm no mathematician, but by my count, my words resonated with over 183,000 people and were viewed by around 10 million. Copywriting Queen - right here ğŸ”¥ Just one little thing though...If ""Support Women"" or any other businesses would like to attract 7 million views, 140,000 likes and sell their newsletter subscriptions, I would encourage you to head to my website and obtain some pricing.I have a dog to feed. Links to my post and its identical sister are below ğŸ˜‚",0
2,Are you reaching the right people for your open roles as quickly as possible? Discover how to find the right candidates in four steps with this guide. https://lnkd.in/geYVJqgF,0
3,"It was such a pleasure to welcome the first cohort of the Vivien Thomas Scholars Initiative alongside The Johns Hopkins University  President Ron Daniels, Provost Sunil Kumar, and Vivien Thomas Scholars Initiative Director Dr. Damani Piggott.Â This new Bloomberg Philanthropies  Greenwood Initiative program aims to address underrepresentation in #STEM fields by supporting a diverse generation of researchers and scholars at JHU. Together we're committed to increasing equity, opportunity, and innovation. Congratulations to this phenomenal group of PhD leaders!",1
4,"The Food and agriculture sector transition to Net Zero----> ByÂ Joshua KatzÂ and Peter Mannion from Mckinsey, August 1st, 2022. I'm very proud to take part in a company that constantly working on developing a unique products with #environmental  benefits and in parallel promoting the holistic approach called, ""just  Transition"", that takes into consideration also #social , #economic and #health  values.Another significant aspect (Win-Win) that the #alternativeproteins industry brings with it, is that as the alternative protein sector continues to develop products with a #lowcarbon footprint, the conservative industry will also push to improve the environmental #footprint  of its products. ğŸŒ ğŸ¥© Aleph Farms The Good Food Institute Israel The Good Food Institute McKinsey & Company UNFCCC UN The Kitchen Hub #foodtech #ipcc #sbti #meatalternatives #alternativeproteins #lca #netzerogoals #productlifecyclemanagement #alternativeinvestments #esg #esgstrategy #esginvesting #netzerotransition #unsdgs #usa #sustainabledevelopment #epa #carboncredits #ghgprotocol #cop27 #agriculture #regenerativeagriculture",0
5,"Gastech 2022 is where the global natural gas, LNG, hydrogen, and low-carbon solutions industry will meet to showcase the value they can bring to the industry.",0
6,"ğŸ§¬What is Epigenetics?ğŸ‘‰Epigenetics has recently generated buzz and captured the publicâ€™s attention. Itâ€™s not uncommon to read headlines about the â€œepigenetic revolutionâ€ and hear claims that epigenetics overthrows our understanding of evolution. What exactly is epigenetics? How does it work? And why does it matter?  Dr Q. Annie Hasan explains it.â©Learn more about epigenetics in the 7th episode of Genomics Gupshup with Anu Acharya.ToÂ knowÂ moreÂ about Mapmygenome's preventive genomics tests,Â Â Call us at 1800-102-4595 or WhatsApp us at 8688310052....#epigenetics #epigenetic #genes #ExpertAdviceÂ #ExpertTalkÂ #genomictalk#councelingÂ #clinicalgeneticsÂ #clinicalgenomicsÂ #personalgenomicsÂ #GenomicsConversationÂ #medicineÂ #healthyfoodÂ #healthÂ #lifestyleÂ #diseaseÂ #GenomicsGupshupÂ #geneticsÂ #genomicsgupshupÂ #genomicsÂ #genomicsÂ #mapmygenomeÂ #knowyourself",1
7,Here are the graphs of the hyperbolic and circular functions,0
8,"Work hard for your dreams ğŸ‡«ğŸ‡·â¤ï¸Vice-Champions Dâ€™Europe ğŸ¥ˆğŸ¤¯Fun fact: câ€™est la premiere mÃ©daille internationale dâ€™un relais masculin franÃ§ais en grand bassin depuis lâ€™argent sur 4x100m NL Ã  Rio en 2016. (Petit bain: Windsor 2016 argent 4x100nl).Une semaine de compÃ©tition aux Championnats dâ€™Europe de natation Ã  Rome qui se termine de la plus belle des faÃ§ons. Le dÃ©but de la semaine sâ€™est fait en individuel. Je suis allÃ© jusquâ€™en demi-finale sur le 100m papillon pour finir top 11 europÃ©en. La fin de semaine sâ€™est faite en Ã©quipe. On ne le dit jamais assez, on est toujours plus fort en Ã©quipe et surtout bien accompagnÃ©. Câ€™est donc avec les copains du relais 4x100m 4n (Yohann, Antoine et Maxime), que nous avons remportÃ© une magnifique mÃ©daille dâ€™argent. Tout Ã§a derriÃ¨re les italiens (champions du monde en titre), chez eux, dans la plus belle piscine du monde en Ã©bullition. Câ€™Ã©tait la derniÃ¨re course de la compÃ©tition, mais aussi de la saison. Une saison de dingue avec des hauts toujours plus hauts. Des championnats universitaires canadiens, aux championnats de France, en passant par les championnats du Monde Ã  Budapest, et en finissant aux Euros Ã  Rome. Mais, je nâ€™oublie pas comment sâ€™est terminÃ©e la derniÃ¨re saison. Soit, bien au fond du trou Ã  Chartres pour les sÃ©lections Olympiques, avec des rÃ©sultats qui Ã©taient trÃ¨s loin de ce que je fournissais Ã  lâ€™entraÃ®nement. Parfois il ne faut rien lÃ¢cher et patienter pour rÃ©colter les fruits de son travail. Je suis tellement reconnaissant de pouvoir vivre de telles expÃ©riences.Merci pour les souvenirs. Merci Ã  ceux qui participent au process de tous les jours. Merci Ã  mes coÃ©quipiers. Merci Ã  mes coachs. Merci Ã  mes parents. Merci Ã  tous ceux qui me supportent. Et Vive la France ğŸ¤©ğŸ‡«ğŸ‡·ğŸ“¸: picardysportmedia et StÃ©phane Kempinaire#europeanchampionships #swimming #hardworkpaysoff #keepdreaming",0
9,Come muoversi in un mondo multipolare? La scorsa settimana abbiamo accolto il Boston Study Tour e fatto alcune riflessioni sui cambiamenti in corso.Laura De Bortoli Paolo Marenco Andrea Ridi Arrigo Bodda Alberto Nobili Cinzia Iacovelli Valerio Marra Rob Dolci Paolo Ciuccarelli Laura Dolcihttps://lnkd.in/ei6dMtSU,0
10,PlayMedia is loadingLoaded: 3.61%0:00PlayPlayBack to start of videoBack to startStream TypeÂ LIVECurrent timeÂ 0:00/DurationÂ 1:15Â 1xPlayback speedPlayback speedTurn closed captions onShow captionsUnmuteTurn fullscreen onFullscreenMedia player modal window,0
11,Business Analyst at Wix.com | Statistics and Economics Student at Tel Aviv University,0
12,"ğŸ’ŠğŸ§¬ SeminÃ¡rio RegulatÃ³rio FarmacÃªuticoOÂ #SINDIFARGO, em parceria com oÂ #PQEGroup, aÂ #FIEG, oÂ #CDTI, aÂ #ADIALÂ e o escritÃ³rio Anna Bastos Advocacia, realizarÃ¡ o SeminÃ¡rio: ""IndÃºstria FarmacÃªutica, InovaÃ§Ã£o e Ambiente RegulatÃ³rio"", no dia 31/08, a partir das 08h30min, na FIEG Casa da IndÃºstira - GoiÃ¢nia.O evento, destinado ao setor industrial farmacÃªutico goiano, contarÃ¡ com a participaÃ§Ã£o de especialistas na Ã¡rea regulatÃ³ria e em inovaÃ§Ã£o tecnolÃ³gica.ğŸ“ Anote na agenda!Evento presencial!ğŸ—“ï¸ 31/08/2022 - quarta-feirağŸ•˜ 08h30minğŸ“ FIEG Casa da IndÃºstria - AuditÃ³rio Prof. HÃ©lio Naves, 10Âº andarAv. Araguaia, nÂº 1.544, EdifÃ­cio Albano Franco, Setor Leste Vila Nova - GoiÃ¢nia/GOInscriÃ§Ãµes: https://lnkd.in/eTDYBtctâ„¹ï¸ Para maiores informaÃ§Ãµes, entre em contato por meio do whatsapp 62 99973-8626.#SeminarioÂ #IndustriaFarmaceuticaÂ #RegulatorioÂ #InovacaoÂ #TecnologiaÂ #Goias",1
13,"Markets are set to slump ahead of November midterm elections, according to Barclays - but history says a rally could follow regardless of the results.Â #markets #midterms2022 #rally #stocks #economy",0
14,"ForzaETH team wins gold at the 2022 F1TENTH Autonomous Grand Prix Germany. Congratulations! ğŸ…ğŸ‘ğŸ»ğŸ€ğŸš—ğŸš™ForzaETH, a team of students from the Center of Project-â€‹Based Learning at D-â€‹ITET (PBL) and the Institute of Neuroinformatics (INI) at ETH ZÃ¼rich and University of Zurich competed at two F1TENTH autonomous racing challenges and finished first place at the Germany 2022 grand prix. F1TENTH is a 1:10 scaled autonomous racing competition, where teams from all over the world aim to develop the fastest robotic racecar on the track. #team #racingcars #winners #worldwide #students #learning #challenge The ForzaETH team: Edoardo Ghignone, Nicolas Baumann, Jonas KÃ¼hne, Nadine Imhol, Luca Schwarzenbach, Florian Bolli, Jonathan Becker, Daniel Pfister, Xiang Deng,Â Marcin Paluch",1
15,"Protons contain intrinsic charm quarks, machine-learning analysis suggests â€“ Physics World",0
16,"Honored is an understatement! ğŸŒŸ Both thrilled and humbled to have received the 2022 Vanguard Award by Ad Age at this yearâ€™s Leading Women luncheon. This award recognizes women on their achievements in #advertising, #marketing and #media industries, and Iâ€™m so proud to join previous distinguished honorees such as Jerri DeVard and Carol H. Williams. Loved my AdAge interview with Jeanine Poggi about gender equity and service, issues that matter as much today as they did when I began my career.Couldnâ€™t have reached this milestone without the support of countless women before me and my teams at Goldman Sachs and SEEHER â€” a reminder that our work is greatly valued and can enact change. Thank you to Ad Age for providing this platform for me and the Leading Women Class of 2022. Weâ€™re just getting started!Â Congratulations to all the honorees: Taj Alavi (she/her), Brittany Balbo, Ã…sa Borg, Obele (Brown-West) Hinsley, Alyssa Bush, Sally Campbell, Judith Carr-Rodriguez, Heidi Cooley, Asmirh Davis, Fri Forjindam, Melissa Grady Dias, Ann Hand, Sofia Hernandez, Sarah Hofstetter, Beverly Jackson, Marissa Jarratt, Chanelle Kalfas, Soyoung Kang, Sarah Kramer, Alycia Mason, Kerry McKibbin, Jing Mertoglu, Marchoe Dill Northern, Eno Oduok, Brieane Olson, Darla Price (she / her / hers), Jenn Renoe (she/her), Louise Roberts, Kendra Schaaf, Allison Wolf.ğŸ“·: Sean T. Smith#womenempowerment #womeninbusiness #AdAgeLeadingWomen",0
17,"il 70% dei percettori del reddito di cittadinanza del 2019 sono ancora percettori nel 2022.non Ã¨ una misura che emancipa alcunchÃ¨, Ã¨ solo puro assistenzialismo che scoraggia di entrare o rientrare nel mercato del lavoro.",0
18,"Sabrina Paganoni, MD, PhD, Co-Director of Mass Generalâ€™s Neurological Clinical Research Institute at Mass General Department of Neurology, received the Diamond Award from the Muscular Dystrophy Association. This award recognizes a scientific leader dedicated to the eradication of amyotrophic lateral sclerosis (ALS). Congratulations, Dr. Paganoni!",1
19,"Carlos Ayala Santos, a graduate of the University of Puerto Rico, is the first student in the MSK Bridge program.The program focuses on training a diverse group of aspiring scientists, particularly those who come from backgrounds that are underrepresented in biomedical research.Carlos has high ambitions to become an MD-PhD and says, â€œThe MSK Bridge program is like a trampoline that propels a person and allows you to show what youâ€™re made of.â€This post-baccalaureate 2-year program is one of several MSK initiatives used to encourage new ideas. Learn more about how these programs help diversify the biomedical field.",1
20,"In attesa di essere insignito della targa di fedeltÃ  al brand (dal 2010/11 ininterrottamente cliente con 5 BirÃ² acquistati in questi anni per me e mia moglie) vi segnalo un piccolo errore nellâ€™articolo postato: si parla di due viaggiatori di media corporatura. Incredibile ma vero mi capita spesso di trasportare il mio collega Pierfrancesco Coreno che non si puÃ² certo definire di â€œmediaâ€ corporatura (1,90 altezza per molta larghezza al bacino ğŸ˜‚).Unâ€™altra medaglia a BirÃ²",0
21,"On Web3 Marketing HiringOne of the most interesting things I've found working with early-stage #web3 companies is that hiring for Marketing roles is more difficult than #engineering, I think for the following reasons:1/ Harder to measure and verify historical impact for marketers vs developers, especially when most Web3 founders tend to be technical2/ Marketing interviews are often less objective than developer interviews, which typically have coding sections 3/ More resources for Web2 devs to transition to Web3 than Web2 marketers to transition to Web3 4/ There are more events, hacker houses, and opportunities for developers to build networks than marketersUPDATE: expanded on the above points in a Twitter ğŸ§µ: https://lnkd.in/e4mSKFRKI know a number of companies looking for Product Marketing - if you are looking to transition into Web3 and you are a close contact or we worked together before, please feel free to DM.",0
22,"Retirement planning is about so much more than whatâ€™s in your portfolio. Senior financial advisor Anthony Boxler has tips that can help you figure out your when, where, and how.https://vgi.vg/3bTtDlF",0
23,Medtronic Takes DES to a New Frontier,1
24,"PTC creates digital technology with purpose, to transform the physical world. Learn how our digital innovation makes the physical world better: http://ptc.co/vNZ450IFn7v#DigitalTransformsPhysical",0
25,"August 2019, I shifted from the United States to Sweden with a keen sense of exploration, 2 suitcases in my hand, and a belief in my heart that I wanted to learn, grow, and discover the best version of myself. Sweden to me was still an enigmatic land where you ate meatballs 3 times a day and hibernated for the most part during the cold dark winters.This country continues to inspire me and surprise me in ways I cannot express! Over the past 3 years, I am so humbled to have met, chatted with, and worked with some of the smartest and most creative people. Shoutout to everyone at Volvo Cars and Polestar. You know who you are! Shoutout to Nova for listing me on their Nova 111 list for the Top 10 professionals under 35 within the Engineering track. And to Oscar J Centeno who has been listed on this too. Kudos! You drive change like no one I have met. Here is to positive change and shaping the future. #Nova111ListÂ in Sweden here: https://lnkd.in/d8rkU7pd#innovation #Nova111 #VolvoCars #Sweden #Sverige #Engineering #Leadership",0
26,"""High-avidity TCR T cells were better able to slow tumor growth, despite being present at similar levels and having a similar exhaustion phenotype as low-avidity TCR T cells in tumors. In the circulation of mice and patients, however, these tumor-protective, high-avidity TCR T cells had a recently activated phenotype compared with low-avidity TCR T cells. Thus, protective T cells in circulation are likely recently activated.""",1
27,Win big in the new battle for talent. Discover strategies in our new report to evolve your company culture. https://lnkd.in/gn6AfscA,0
28,"#VisionAIOur proceeding ""Lirot.ai: A Novel Platform for Crowd-Sourcing Retinal Image Segmentations"" was accepted at Computing in Cardiology 2022, Tampere, Finland (https://lnkd.in/dtwk9fRj).We introduce Lirot.ai, a novel platform for facilitating and crowd-sourcing image segmentations. We demonstrate the usage of Lirot.ai for the creation of a retinal fundus dataset with reference vasculature segmentations.Â The proceeding will be presented byÂ Jonathan FhimaÂ during the conference on Tuesday, September 6, 2022 15:45 - 17:45Â Poster Session P7_1 - Cardiovascular ImagingÂ Session P7_1, ID 60.Preprint:Â https://lnkd.in/d3xfZhdAAIMLab.Â https://aim-lab.github.io/Technion - Israel Institute of TechnologyFaculty of Biomedical Engineering, TechnionJonathan FhimaÂ Jan Van EijgenÂ Ingeborg Stalmans Moti Freiman#computervisionÂ #crowdsourcing #medicalÂ #ophthalmologyÂ #biomarkers #deeplearning",1
29,ğŸ“£ Develop your people and improve engagement with a continuous cycle ğŸ” of feedback and learning. ğŸ“… Book a demo today!,0
30,Iâ€™m happy to share that Iâ€™m starting a new position as Clinical Research Associate at ICON Strategic Solutions!,1
31,"Miller Ink is honored to announce that we have been named one of Los Angeles Business Journal's Best Places to Work! This list identifies, recognizes, and honors the best employers in Los Angeles, benefitting the country's economy, workforce and businesses. #LABJ #PRLosAngeles #BestPlacestoWork",0
32,"As some of you may know, Iâ€™m about to take part in my first ever Ironman. The motivation behind choosing Ironman Wales (which is notoriously difficult and I may come to regret!) is that it takes place a year on from the sad passing of my Grandmother, who was Welsh. Due to a multitude of factors including the presence of covid, Iâ€™m sure Iâ€™m not alone in saying that contact with family members reduced significantly following the outbreak in 2020. Itâ€™s difficult to think that there are 2 years we will never get back and I will always be sad that I didnâ€™t get to see her more when I still could. She was a volunteer for a childrens hospice called Ty Hafan and I know that she would be proud of me raising money for this charity. It would be great if you felt able to support me or to like, comment and share my post in order to get the LinkedIn algorithm working!https://gofund.me/27a4f057",0
33,"Thrilled to announce that Biotia has raised an oversubscribed $8 million Series A round led by OCA Ventures! Click the link to read more from our CEO, Dr. Niamh B. O'Hara. #seriesA #ngs #biotechnology #startup #ai #medicine https://lnkd.in/em95Save",1
34,"Are you ready for the Apple event on September 7? As an apple product reseller, I love all things apple. While speaking at a teens church tech training last week I said that if apple starts making shirts I will never wear another brand again. I call it the Steve Jobs effect.Truth is, as much as I love this brand, Iâ€™m not happy with how slow they are innovating. iPhone X was the real revolution for apple but after that, nothing really revolutionary has been done in 11,12,13 and now iPhone 14.Yes the software keeps getting better and Tim Cook has showed his business prowess by making other apple services like Health & Fitness, Apple TV, Apple Music etc more mainstream and 100x the companies revenue.But we miss what apple is known for, we miss the Steve Jobs effect - revolution. We were always holding our breath for what Jobs will do next. I keep wondering if he were alive today how he would view technology, what anti-establishment invention will he be working on? How much would the iPhone had changed if he were still here?Thereâ€™s something about companies losing their luster when the founders step away or die. Like Simon Sinek pointed out in his book ğŸ‘‰ğŸ¼ https://lnkd.in/dsCA8yTa, it happened to Walmart, it happened to Microsoft, without Adam Neumann Wework is a shadow of itself.Pls guys I need answers; why does innovation start and end with founders?",0
35,"NIH's Rapid Acceleration of Diagnostics Radical (RADxÂ®-rad) initiative has announced the launch of the #LongCOVID Computational Challenge (N3C) to understand the risks of developing Long COVID with awards totaling up to $500,000. Learn more:",1
36,"We are proud to announce that the IFLR1000 2022 guide has ranked Herzog as TIER 1 once again, this time in the mergers and acquisitions practice area!Many thanks to our great team of partners, associates, and interns. We are proud of you for all your hard work and professionalism!",0
37,Chemical Engineer | Technion - Israel Institute of Technology | Pharmaceuticals | Laboratory Work | Nanotechnology | R&D | Polymers | Animal Testing | Biotechnology,0
38,Digital Marketing Specialist | Search Engine Marketing (SEM) | Social Media Marketing | Search Engine Optimization (SEO) | Shopify And WordPress Store Design expert,0
39,Iâ€™m happy to share that Iâ€™m starting a new position as Key Account Manager at Merck Group! ğŸ¤©ğŸ’ªâ™¥ï¸,0
40,THEN vs NOW: A view of The Ashmolean Museum from Magdalen Street East #ThrowbackThursday,0
41,"ğŸ¤– Imposter Syndrome tip #4: Take a break ğŸ¤–Self doubt can be really exhausting. By definition, you get stuck in a vicious loop of not feeling good enough, and then not being able to snap out of it - preventing you from doing anything at all. Sometimes you just need to stop. Go for a walk, make a coffee, chat to a friend. Allowing yourself to focus on something else helps to break the cycle, and you can come back with a set of fresh eyes. ğŸ’¡ Added benefit: the time off gives your brain time to passively process and think in the background about whatever you were doing before you stopped - so you're benefiting from the break in more ways than one ğŸš€ ~~~~We all know that it's one of the most common feelings out there - so I'd love to hear any other tips that you have for managing your Imposter Syndrome! Drop them in the comments ğŸ‘‡",0
42,"Vernon Ingram, born in Germany, was a protein chemist who helped advance the field of protein crystallography and made important contributions to the understanding of human haemoglobin diseases. In 1952, he joined the MRC Unit for the Study of Molecular Structure of Biological Systems (now the MRC Laboratory of Molecular Biology), where he remained for six years.His Royal Society Biographical Memoir, written by LMB emeritus scientists John Kilmartin and Tony Crowther has recently been published: https://lnkd.in/ebTjsa6x#LMBAlumni",1
43,"Dr. Alice Wei is a surgeon who specializes in diseases of the liver, bile duct, gallbladder, and pancreas. She says patients are always worried before they come to see her, so she reassures them that she'll work to find them answers and develop a plan with her colleagues.Dr. Wei says, ""Being a surgeon is very fulfilling. We're with patients at some of the scariest times in their lives and we see them through it.""  Watch below to learn more about Dr. Wei's approach to treatment.",1
44,"â€œWhen working with the isotope Gallium-68, a key ingredient in some nuclear medicine imaging procedures, such as PET,Â youâ€™re down to a 68 minute half-life. So, no matter how much you want, in an hour, half of it is gone. So your chemistry has to be darn fast. It is a race against the clock and you have to make trade-offs. Do you try and squeeze out every last percent but it takes 10 minutes longer? Well youâ€™ve already lost 10% by waiting those 10 minutes. So itâ€™s that balance along the way.â€Â Katie Gagnon, Global Research Alliance Manager GE Healthcare, Uppsala, Sweden.Â ğŸ“¸ Mikey KayÂ #FacesfromtheFrontlines #OntheFrontlines",1
45,"From Analysis to Achievements: How to Make Your Digital Strategy Stand Out ğŸ’¯ Competition for online traffic is increasingly fierce, and the role of ecommerce in your strategy is now more vital than ever!Digital market intelligence can:ğŸ‘‰ Reveal insights into industry trends ğŸ‘‰ Provide a deeper understanding of audience behaviorsğŸ‘‰ Sharpen your digital strategy. Watch and learn:",0
46,"What inflation? ğŸ‘€â¡ï¸ Despite the gravity of the situation, the latest Similarweb data shows Amazon has at least to some extent managed to immunize itself against the negative effects of #inflation on #business custom.âœ… And whatâ€™s more, the company is actually getting better at convincing visitors to make a purchase.Â â„¹ï¸ In 2020, #Amazon achieved a conversion rate of 8.8%, but year-to-date this figure is sitting at an impressive 11.6%. In the same timeframe, the conversion rates across retail sites like Ebay, BestBuy and AliExpress have stagnated at under 5%.But how? ğŸ‘€â¡ï¸ The ability for Amazon to thrive in a less favorable economic climate may be down to a number of factors... However, my best guess is that Amazon has continued to hone its recommendation algorithm, such that visitors are increasingly being shown precisely what they are looking for â€“ and sooner.âœ… This isnâ€™t to say the company wonâ€™t face some pain, should the job market take a dive or the cost of living increase further. A drop in the amount of disposable income in circulation is bound to hurt. However, whatâ€™s certain is that the difficulties facing Amazon in the #ecommerce market will pale in comparison to those suffered by its competition.",0
47,"AstraZeneca on hunt for deals, but may not stay in vaccines",1
48,Medtronic Takes DES to a New Frontier,1
49,Check out this planned renovation of the lobby in our Mount Arlington property.Â Big thank you to B.M Braun for the beautiful design.Â We are excited to see it created in real life for the tenants and visitors to enjoy!Follow #madisonproperties for updates and info on commercial real estate property management#renovations #commercialrealestate #propertymanagement,0
50,"Retirement planning is about so much more than whatâ€™s in your portfolio. Senior financial advisor Anthony Boxler has tips that can help you figure out your when, where, and how.https://vgi.vg/3bTtDlF",0
51,"Join designer Sir Jony Ive KBE at Meeting Minds ONLINE and In-PERSON. Sir Jony joined Apple in 1992 and led the design team who created the iMac, iPod, iPhone, iPad, AppleWatch, and HomePod.  Book to hear Jony talk with Deyan Sudjic â¡ï¸ bit.ly/MeetingMinds15",0
52,John Barry outlines the benefits a blended model that combines FSP scale and CRO project-based sourcing can bring to midsize pharma and biotech companies to deliver their clinical trial portfolios. Read his insights here: http://ow.ly/kOS150Kp5Gc,1
53,Exclusive: IISc Biological Science Special Recruitment Drive For WomenğŸ‘‡https://lnkd.in/gNR6Q_rK#iisc #biologicalsciences #jobs #science #recruitment,1
54,Climate anxiety affects the daily life of nearly half of young people.Â #ClimateChange #Education,0
55,Most Read articles - Multi-orbit connectivity; Philips departure; RS takeover?,0
56,Protection against tech spying on children 'too weak',0
57,"â€œItâ€™s a big honor to be here; the Technionâ€™s reputation precedes it,â€ said U.S. Ambassador to Israel Thomas R. Nides during his visit here earlier this week. â€œI first heard about the Technion when I was 14 â€“ the fact that it was built before the country was founded, its extensive contribution to Israelâ€™s development, and its role as the cradle of the Startup Nation. Moreover, the establishment of the Jacobs Technion-Cornell Institute in New York together with Cornell University generated a very positive attitude towards Israel and towards the Technionâ€™s contribution to New York Cityâ€™s economic development.â€His visit focused on research collaborations and the importance of diversity in academia â€“ a subject close to the ambassadorâ€™s heart. Technion President Prof. Uri Sivan emphasized the importance of opening the doors of the Technion to every talented young man and woman: â€œThe Technion offers students an extensive support network through special scholarships and loans, since we are committed to ensuring that no student will stop studying due to financial difficulties.â€Read the full story: https://lnkd.in/dX5SgqfM Cornell Tech U.S. Department of State #technology #development #diversity #network #research #collaboration #startup #students #university #science Boaz Golany Wayne Kaplan Oded Rabinovitch Adi Salzberg",0
58,"The more energy we save now, the safer we will be this winter.Â Across the EU, smart ways to save energy are being introduced.Â Slightly higher temperatures for air conditioning, for example, can go a long way.Â If we set the A/C 1 Â°C warmer across the entire EU service sector, we could save the equivalent of the energy used by Malta annually.Â The same goes for heating.Â Lowering the heating temperature at home by just 1Â°C can save around 7% in energy use over a year. Â Member States like Spain, Czechia, Slovenia, Ireland and the Netherlands are already introducing such optimisation measures in their national plans.And the @europeancommission is doing its part too!For example, we are switching off heating and cooling in most buildings 1 hour earlier than before, saving 3% of our annual energy use. Â We also close some buildings for the summer and facilitate remote working.Â Letâ€™s all save energy for a safe winter.Â Read more â†’ https://europa.eu/!npxdH8",0
59,"We'd always wanted to go the Himalayas but only when we had enough demand from our clients. Back in May that time came so we set off on a recce trip to the 'big mountains' in search of knowledge.With us we brought our awesome videographer, our Nepalese ground team and some 'Adventure Testers' (Jack Burke & Sarah Hoefflin). What a trip, what a place and what a gang! We often say that Adventures are great but Adventures shared are what makes magic. Launch imminent... #himalayas #everestbasecamp #everestbasecamptrek #seriousfun",0
60,"My teammate Emmanuelle Hadjadj and I have been working on our final project at the Faculty of Biomedical Engineering, Technion for the past year, and we're finally pleased to present it.The goal of our project ""Dyslexia Detection with fMRI Scans Using Machine Learning Reveals a Critical Role of Cognitive Control Networks"" is to determine the whole-brain cognitive networks able to predict the outcome of reading intervention in children with Developmental Dyslexia and typical reading controls using machine learning. During the project we gained deep knowledge in programmig  #machinelearning using #Python libraries #scikitlearn #pandas #seaborn and in fMRI scans preprocessing using #SPM12 - Matlab's toolbox. The study was conducted under the supervision of Nikolay Taran and Prof. Tzipi Horowitz-Kraus from the Educational Neuroimaging Group, Technion. This project is my last chapter in the Technion, after 4 years of hard work and dedication.",1
61,"Please join us in congratulating MSK patient Mikaela Rix, who was just named to Long Island Business News's 30 Under 30! After her breast cancer diagnosis, Mikaela started a nonprofit, For All Who Fight, to raise money and awareness for breast and ovarian cancer research. They've since raised tens of thousands of dollars. We're proud of our inspiring patients' post-treatment achievements ğŸ‘",1
62,"Putting machine learning in the hands of every developer, data scientist, and expert practitioner.",0
63,,0
64,"Putting machine learning in the hands of every developer, data scientist, and expert practitioner.",0
65,,0
66,"Boom ğŸ’¥ğŸ’£Iâ€™m happy to share that I sold the Viral Post Generator to Taplio.â€”What's Taplio?A cool startup that helps creators and businesses grow on LinkedIn (perfect match for my generator ğŸ”¥)â€”1 week from #launch to #acquisition - not bad at all.From the bottom of my heart, thank you for using Viral Post Generator â¤ï¸ It'll be run by Taplio from now on.â€”I will use this money to fund my next projects.(Oh youâ€™re gonna love them)Stay tuned <3",0
67,Win big in the new battle for talent. Discover strategies in our new report to evolve your company culture. https://lnkd.in/gn6AfscA,0
68,"The floors in this shopping center are absolutely next level! Thoughts?If you want to see more high quality content about #proptech #technology and #innovative solutions, please consider following The Proptech Connection where our team shares insights. Daily.Every Wednesday, we send out a newsletter to a growing tribe of 8,500+ curious minds.It's around 5 topics:â€¢ RealEstateâ€¢ Investmentsâ€¢ Constructionâ€¢ (Prop)Techâ€¢ GlobalWe give you #Proptech AND actionable #insights, please subscribe here: https://lnkd.in/g_e4QVDH#virtual #retail #technology",0
69,"My average income at Salesforce (2013-2017) = $250k/yrMy average income at Salesforce (2018-2021) = $750k/yrThat is a 200% increase.Here's what changed: I started following the Pareto Principle. 80% of your sales will come from 20% of your customers.I used to think that more was better.More accounts = more opportunitiesLarger territory = more upsideThis philosophy meant that I spent little time with a lot of accounts.And less time invested meant smaller deals.The result...Grinding, clawing, and hustling all year to barely reach quota.What Iâ€™ve learned over the past 8 years is that less is more.Especially when selling to Large Enterprises.Fewer accounts means more focusMore focus enables you go high, wide, and deep into all areas of an account.Large companies have multiple subsidiaries, sister companies, and departments to sell into.You can make your entire number off of 1 or 2 accounts when you focus all your energy on helping them transform their business.But transformational deals take time and require consensus from multiple stakeholders, and you canâ€™t effectively quarterback these deals if you are spread thin across too many accounts.My territory went from 10 accounts to 5 accounts to 3 accounts to 2. And every time the territory got smaller, I performed better.Less is more. #salestips #salescoaching #salestraining #enterprisesales",0
70,"I am so grateful for the inaugural Vertex Pharmaceuticals  weeklong summer shutdown! I was able to add on a few weeks of vacation to take a 3 week trip through Europe before we kick off Fall Recruitment. Even though Iâ€™m currently on a pasta withdrawal, Iâ€™m back in action with refreshed creativity and renewed vigor. Hereâ€™s some pics of my time in Ireland, Croatia, and Italy!",0
71,"There's 3 things HubSpot did to get to SEO dominance that no one talks about. Similarweb estimates that the HubSpot website got 40.2M visits last month with ~34% of it from search. For comparison, they also estimate that Adobe Marketo gets 1.1M visitors & Databox gets 812k.  Clearly, HubSpot is crushing SEO. Kudos to the marketing team, of course. They've done a lot of things really well that you'd expect them to do:  âœ”ï¸  Publishing high volumes of contentâœ”ï¸ All the SEO best practices (keyword research, pillar & clusters, well-optimized content, internal linking, updating old content, etc)âœ”ï¸ Earning back links & a high domain authority by publishing un-duplicatable content. But, there are 3 much more complicated, much more strategic things HubSpot also did that I've never seen anyone talk about. I don't think these are secrets per se. It's more likely HubSpot just took these things for granted after awhile. Or maybe just never really thought that deeply about them because they were happy coincidences. Here they are...1. Website grader (WSG) attracted a massive amount of links in the early days. The report used to link to blog posts. This helped our blog content get a lot of attention & attract a lot more links. Wanna crush your SEO? Build a free tool. (A Databox free tool -- a next  level WSG -- is launching imminently. Woot woot!) 2. Partners linked to HubSpot prodigiously. As my old-ass article titled, ""Did you graduate high  school link building yet?"" (that WSG helped make famous) states, the hardest part of SEO is link building. The best links are the ones you get because your content is so great people voluntarily link to it. Well, HubSpot partners link to HubSpot on their home page & services pages, from blog posts, etc. Some of them put their badge in the footer of their site, so that every single page of their website links to HubSpot! Early on, Patrick Shea & I realized that if we gave partners early access to feature launch info, they'd publish an article for every launch, instantly getting us on page one. More importantly, think about the domain authority boost this has given HubSpot over time & try not to salivate. If you're in SEO, you should be begging your company to start a partner program. 3. Launching new products. When HubSpot launched their first product for salespeople, it wasn't CRM. In fact, I bet most HubSpot partners today couldn't even tell you what it did. But, a really smart thing HubSpot also launched at the same time was a sales blog. In the first year of launching it, I wrote 42 articles for it. We were able to rank for new sales-related keywords at will. HubSpot's new products allowed them to expand their SEO footprint considerably. They now rank #2 for ""CRM"". Launching new products in new categories is a key SEO power move. Chances are, your current product is fighting for rankings against loads of competitors. It's hard to get incremental gains. New products opens up new SEO universes.",0
72,IT Project Manager (Freelance),0
73,"Eâ€™ uno scherzo ? Oppure una fake news? â€¦.ğŸ‘‡Le difficoltÃ  a realizzare qualunque impianto o infrastruttura sul territorio italiano  ğŸ‡®ğŸ‡¹ sono note.. Ma qui si va oltre il ridicolo, sfociando nellâ€™autolesionismo puro e sempliceDi fronte ad una crisi energetica senza precedenti, un paese che Ã¨ un grande consumatore e importatore di energia ha sostanzialmente due misure immediate per cercare di proteggersi. La prima Ã¨ efficienza energetica, qualcosa che si materializzerÃ  presto ahimÃ¨ se non altro per i prezzi â€˜astronomiciâ€™ delle bollette che diventeranno la prima preoccupazione al ritorno dal periodo vacanziero (oltre a una riduzione di consumi dovuta a imprese che saranno costrette a chiudereâ€¦) La seconda misura Ã¨ creare sistemi di approvvigionamento energetico alternativi. E qui le rinnovabili â€“ per quanto non lâ€™unica e non risolutrice in toto - sono una soluzione importantissima. PerchÃ¨ in principio quelle maggiormente accettate dai cittadini e perchÃ¨ i tempi di realizzazione sarebbero (in teoria) i piÃ¹ veloci tra le varie infrastrutture energetiche. Non rendere tutto ciÃ² possibile non Ã¨ una scelta. Eâ€™ semplicemente un suicidio economico, sociale e culturale. Si possono avere paesaggi immacolati, campi verdi, orizzonti liberi. Il tutto insieme a case fredde e luci spenteâ€¦  #energia #economia #data #futuro #tecnologia #rinnovabili",0
74,Pfizer's new trial vaccine for RSV is over 85% effective in older adults,1
75,"ElliQ reduces loneliness by 80%. Our customers were recently invited to share how their experience with ElliQ has impacted their sense of companionship and wellbeing.Â The ElliQ Impact Report, which is full of powerful data and insights, is available for download now!Click here for details: https://lnkd.in/ecJ3wYqf",0
76,"Today is International Dog Day, which means we're celebrating man's best friend.Dogs are a big part of the Amazonian family and make for the best work from home buddies.Say hello to a few of our furry friends within Consumer Europe: Otto, Puddle, Domino, Kiba and Rafa.#InsideAmazon",0
77,"Last weekend, an old fellow team member from Biomet reached out here on LinkedIn with praise for a CeramTec â€“ The Ceramic Experts team member in the USA. I really appreciated it, as this doesn't happen very often. During the conversation that followed, he asked what I have done to positively change the culture at CeramTec. My #leadership philosophy is quite simple, but I believe itâ€™s quite effective: Â - Treat everyone with respect. - Listen to every team member who wants to talk to you.- Exhibit humbleness and humility.Â - Hire for values (integrity, honesty, respect) and if necessary, train missing skills.Â Above all, I have implemented a â€œNO A$$HOLEâ€ policy. Everyone will know what I mean without the need of explaining in great detail.  I donâ€™t hire them, I donâ€™t tolerate them, and I separate with them if necessary. Thank you for asking ğŸ˜‰.",0
78,Exciting #postdoc opportunity with Julian Goughâ€™s group to use novel computational methods to analyse large scale genomics data!https://lnkd.in/eDhQE4BpDeadline: 22 AUG#postdocjobs #sciencejobs #JobsAtUKRIPlease share!,1
79,"This article showcases our top picks for the best Recreation based Tokyo companies. These startups and companies are taking a variety of approaches to innovating the Tokyo industry, but are all exceptional companies well worth a follow.We tried to pick companies across the size spectrum from cutting edge startups to established brands.We selected these startups and companies for exceptional performance in one of these categories:Innovation- Innovative ideas- Innovative route to market- Innovative productGrowth- Exceptional growth- Exceptional growth strategyManagementSocietal impactFeaturing:@nippon-ski-resort-development-co-ltd-https://lnkd.in/g9SzxudT",0
80,"Let me introduce the last day of the most challenging journey I've ever had.I finished the Postgraduate Diploma from Information Technology Institute (ITI) - Data Science Track.Now I can say I finished a new and important chapter in my career life, which was full of learning, and challenges.I want to thank every who shared with me this journey and support me with even a word.Also I want to thank Hatem Elattar, Ph.D. for his wonderful courses, it was my favorite courses because it gave me the intiuation for many aspects of my learning topics.And thank to Ahmed Abulkhair and Rana Dahish for their great mentorship. And lastly very big thanks for Sal Khan, Joshua Starmer PhD, Krish Naik and Aman kumar for your great channels you can't imagine how many videos I watch from your channels/website and you can't imagine how you helped me and still helping through my learning journey.I'm very excited to my new journy and can't wait to see what's waiting for me in my career life.Best of luck to all of my friends in the track, I really love every one of you and wish to you all the best and achieve your dreams and I'm sure you will. and here's my lovely graduation team Amal Ismail, Amira Abdallahi, Asmaa Moussa, Ezzaldin Mamdouh, the journy would be much harder without you guys ğŸ’“âœ¨.#datascience #informationtechnology #ITI #intake42 #career",0
81,NEW: The findings could lead to earlier identification of infants at risk of being overweight and obese.Read more â¡ï¸ https://lnkd.in/gUv5GRpk,1
82,"Dr. Laura Mauri's 15 years of practicing medicine and managing clinical trials grew her appreciation for healthcare technology and led her to Medtronic. In this episode of the #MedtronicTalks podcast, she shares learnings from the pandemic that have optimized clinical trial workflows for physicians and patients. https://lnkd.in/ev5RfRjq",1
83,Find out how biopharmaceuticals help to bring more treatment options to patients around the world: https://bit.ly/3pzni25#Tevapharm #Biosimilars #Biopharmaceuticals #AccesstoHealthcare,1
84,"UPDATE: itâ€™s fixed!!I'm in major need of tech help! I switched website hosts but kept the same domain and now my email is nowhere to be found. I've spent hours on the phone today with no resolution. If you know of someone that is familiar with email transfer, MX, etc, etc... I'd appreciate some help. I'm having a struggle with Wix.com, Kajabi, GoDaddy and Google workplace. And the struggle is real!!!!Thank you!#email #domain #frustrated",0
85,"All business owners share a common problemâ€¦â€¦there just arenâ€™t enough hours in the day!!We all have grand plans and strategies for the #future, but the minutiae of the work day can often take over, leaving your grand designs unrealised!What you need is some help! Not your average run-of-the-mill help, but a highly trained individual who can come into your business and hit the ground running.You need a virtual assistant.There are many reasons to hire a virtual assistant, with the need for more time in your day topping the list. Other reasons to hire include seasonal business with fluctuating workloads, the requirement to improve #productivity, or not having the skills necessary to carry out certain tasks.With the level of #technology available, such as cloud computing, high-speed internet, and specialist technologies from Microsoft, Apple, and Google, virtual assistants offer both traditional and specialist freelance services.The most successful company owners understand that time, as well as money, is required to grow a #business, and it is this precious commodity that a virtual assistant can hand you back.We have collected together the top 5 reasons successful businesses are #investing in virtual assistants, so you can see the huge benefits associated with bringing a highly skilled professional into your business.It would be great to hear your thoughts on thisÂ Ben Bowles, David Johnson-Rayner, Deby Jackson",0
86,"Our people are our greatest strength, the core of our culture and the driving force behind our success. Throughout all levels of the company, our people have a drive to succeed and a passion that ensures that what we do, we do well. Ready to join us? http://ow.ly/gOfT50KcRtp",0
87,"ğŸ“¢ Calling all founders in the tech start-up world...Â Weâ€™re in need of your expertise!Â As part of a research project for a new venture weâ€™re developing here at Zebra Growth, weâ€™re on the lookout for people with experience in the tech start-up world.We can't share muchğŸ‘€, but we are conducting research to help tech companies use PR in scaling faster/better, and we want to know what you think about PR in the context of tech start-ups from an expert's perspective.In exchange, weâ€™d love to include your quote in a blog we will be writing about user testing where you will be given full credit and a backlink to your LinkedIn profile. ğŸ¤So, if you're up for a 15 minute chat with Emma Hughes and Honourable Ayaruja, give us a quick ""sure thing!"" in the comments below and they will get in touch with the details. Thank you in advance. Every bit of feedback helps :)#Research #PR #TechFounder #Tech #TechStartups #Startups #entrepreneurship",0
88,"""New possibilities can be far more rewarding than doggedly sticking to a years-old dream.""This week's Working Life.",0
89,"What role can AI play in promoting health, access to opportunity, and sustainable development?On Aug. 31st at 9 AM PST, youâ€™ll hear experts share practical advice on how they are tackling issues like these during The Impact of AI for Social Good event.Â Big thanks to FourthBrain for hosting this event with us!",1
90,"Do you know that almost 20% of startups fail in the first year?But why?Â The mostÂ  common reason is misreading the market following by lack of funding or money, bad marketing, bad partnership, etcYou have to follow a certain strategy to succeed.Â Here are five ways to grow your Startup in the first year:Â âœ… First, do your market research very well. Knowing your market well is going to be the driving force in delivering a useful option for consumers within your nicheâœ… Hire people with the right mindset. Always choose people who are skilled enough in their work and who carry the mindset of accomplishing the company's goal.Â âœ… Don't rush to scale all your products together too fast. This might result in nowhere. Always move forward to scale your products one by one.Â âœ… Offer the best quality products to your audience and it will lead to word-of-mouth promotion. Word of mouth promotion is the best of all.âœ… Build your social presence. When your startup starts to grow it will be inevitable to invest in social media and paid campaigns to get more recognition on the market to beat the competition. This is one of the most affordable methods of advertising.Â Following these tips will help your startup to accelerate.#startup #startups #entrepreneur #startuptips #founder",0
91,"Soft Contact Lens Rewetting Drops Market 2022-2028: Pre and Post Covid 19 Growth Ratio Analysis With Top Prominent Players :Johnson and Johnson Vision Care, Novartis, CooperVision, Bausch and Lomb - Digital Journal",1
92,Iâ€™m happy to share that Iâ€™m starting a new position as Part 1 Architectural Assistant at EPR Architects!,0
93,"After 38 years as the director of the National Institute of Allergy and Infectious Diseases (NIAID) and over 50 years in public service at NIH, Dr. Anthony Fauci is stepping down. While his dedication and passion for improving public health through advancing research on complex diseases will continue to inspire us an agency, we will greatly miss his presence. https://bit.ly/3T8wuYQ#NIH #NIAID #NIAIDDirector #AnthonyFauci #PublicService",1
94,"In a world full of constant negative news, I thought I would share a nice positive email that I received this morningâ€¦. If only. ğŸ˜‚ Just a couple of things to clarify with this email thread. Just to put everyone into the picture, I only emailed him stating I found his CV and I would like to speak to him about a role that I am recruiting for within his local area. 1. I own my own business, I have NO KPIs to hit (Unless Jack Broomfield tells me so) so why on earth would I lie about ringing you.2. You also work in a role where you must prospect for new business and cold call customers.3. You newly registered your CV onto a UK Job Board which would imply to me, that youâ€™re in fact potentially looking for a new role.4. I live on the Isle of Wight and with the cost of the ferries these days, not only would it very extremely expensive but it would be a fair old travel if you wanted to come and see me.5. I personally know your Boss.6. I also would like to think that I earn a little more than Â£75 per day.   Iâ€™ve never been one to name and shame however this one did tickle me this morning. Someone clearly didnâ€™t hit their target this month. Happy Tuesday everyone, have a great day.",0
95,Ricopro una nuova posizione lavorativa: Consulente Corporate presso Cassa Rurale Val di Non - Rotaliana e Giovo!,0
96,Happy 75th Independence Day to all my friends in India! ğŸ‡®ğŸ‡³Democracy is a powerful tool for improving people's lives. It is wonderful to see the many people in India and worldwide continuing to fight for this ideal.,0
97,"A cyclic number is a number of n digits which, when multiplied by each of the numbers 1, 2, 3, â€¦ , n, produces a number that uses the same digits as the original number, but in a different order each time.",0
98,#management #alternativeenergy #accountingandaccountants,0
99,Corporate purpose took a step backward this week,0
100,Event by Harvard Medical School Postgraduate Medical Education,1
101,,0
102,Event by Harvard Medical School Postgraduate Medical Education,1
103,,0
104,A new study adds to the evidence linking the oral #microbiome and the risk of lung cancer. The microbiome refers to the collection of microorganisms and viruses in the human body or part of the body.,1
105,Did you know LinkedIn paid hiring tools can get you 19x more job views and unlimited access to over 750 million candidates? Click here to learn more: https://lnkd.in/gjtpzMzN,0
106,"To kick off #WixDevCon2022 in NYC on September 7th, Wix Co-Founder and CEO Avishai Abrahami will take the stage to share his vision of what the future of web development on Wix will look like.Register here:wixdevcon.com#webdev #webdevelopment",0
107,"â€œShe set up the GoFundMe page from her hospital bed the day after her first brain surgery. She just felt that she needed to do something.â€ Jamesâ€™s wife, Charlotte, died in July aged 32, just 13 weeks after being diagnosed with grade 4 astrocytoma, and only seven months on from their wedding day. Charlotte set up a GoFundMe page under the name Zero Sense of Tumour in aid of our life-saving research. Thanks to friends, family and colleagues the Â£50,000 target was reached shortly after she passed away. Simon Garner, our senior philanthropy manager, shares his thanks: â€œIâ€™m proud, and a little humbled. Thanks to the generosity Charlotte inspired, together weâ€™ve beaten the Â£50,000 target she set herself â€“ within days of her diagnosis Charlotte demonstrated the determination and positivity that defined her. Zero Sense of Tumour was the perfect response to a terrible diagnosis.â€ â€œUnfortunately, brain tumours remain the leading cause of cancer deaths for people under 40 â€“ there is still much to be done. But, itâ€™s through the kind of ground-breaking research this donation will fund that weâ€™ll be able speed up the therapies and treatments that change this. Charlotte approached everything full of energy and passion, and weâ€™re proud to be the cause she thought of. Weâ€™re grateful to her family, friends and colleagues who donated thanks to her.â€",1
108,ğŸ“£ Take the bias out of your Performance Reviews by implementing a structured review process for your employees. ğŸ“… Book a demo today!,0
109,"We're proud to introduce you to Alhaji Alpha Fofana, CEO of the African Students Organization in Israel, and a WeWork Shoken member. When civil war broke in Ivory Coast, Alhaji fled to Israel in hopes to find a better future and pursuing his dream of higher education. Unfamiliar with the Hebrew language and without any family by his side Alhaji worked 12 hours shifts at a restaurant so he can afford his studies.In 2017, together with a group of students from Sudan and Eritrea, he founded the African Students Organization (ASO), aiming to empower the African asylum-seeking community in Israel.Â â€œWe target high school students and encourage them to pursue higher education to secure a better future for them and keep them out of the streets. They become ambassadors of change in their communities.â€To date, 37 alumni have graduated with bachelorâ€™s degrees, and 17 with masterâ€™s degrees.Alhaji, we're honored to have you as part of our community! Click here to learn how you can support the ASO >> www.asoisrael.org",0
110,"If thereâ€™s something that we all universally search for, itâ€™s the recipe for happiness.There are so many balls in the air - career, finance, relationships, health - that even when we think we found just the right combination or balance, things suddenly change, and it can feel very frustrating. Itâ€™s not in our control - we live in a world that is VUCA (volatile, uncertain, complex, and ambiguous).Â Well, apparently, our reaction to that exact moment of change, holds the key to our happiness in life.I invite you to read this interesting article, that explains how through our perspective towards change we can cultivate a sense of true happiness and satisfaction throughout our lives.What do you do to handle big changes in life?#thehumanfounderÂ #galiblochliranÂ #thehumanfounderpodcast#thehumanfounderbookÂ #leadershipÂ #entrepreneursÂ #startupÂ #startupnation #strongpeopleshare",0
111,"As some of you may know, Iâ€™m about to take part in my first ever Ironman. The motivation behind choosing Ironman Wales (which is notoriously difficult and I may come to regret!) is that it takes place a year on from the sad passing of my Grandmother, who was Welsh. Due to a multitude of factors including the presence of covid, Iâ€™m sure Iâ€™m not alone in saying that contact with family members reduced significantly following the outbreak in 2020. Itâ€™s difficult to think that there are 2 years we will never get back and I will always be sad that I didnâ€™t get to see her more when I still could. She was a volunteer for a childrens hospice called Ty Hafan and I know that she would be proud of me raising money for this charity. It would be great if you felt able to support me or to like, comment and share my post in order to get the LinkedIn algorithm working!https://gofund.me/27a4f057",0
112,Looking for a CRM for your small business in Israel?https://lnkd.in/gMM2yaRE,0
113,"I've come to understand something more deeply recently.The importance of simplicity in my work, my life, in all that I do.Julian Barnes reflected once on a long career... ""There is something infinitely touching when an artist, in old age, takes on simplicity. The artist is saying: display and bravura are tricks for the young, and yes, showing off is part of ambition; but now that we are old, let us have the confidence to speak simply.""ğŸ’¡You don't have to be approaching old age to embrace simplicity, to begin to apply the learning and understanding gained through experience, your own or that of others.Simplicity in our design, services, programs, companies, and even our lives is a critical element to making things better. Even if you aren't at the end of a long career, think about how you would approach work if you were.How would you simplify and focus on only the vital things?What would you do differently?Your Daily Ikigai, today is about taking action over waiting for inspiration. It also gives a humorous look at 'Retired Dave'. Check it out.#ikigai #purpose #leadership #creativity",0
114,Covid: Novavax vaccine approved for 12 to 17s in Britain,1
115,Investigators from NCI's Center for Cancer Research have developed a novel treatment for mesothelioma that delivers therapeutic small RNAs (microRNAs) locally to tumors.,1
116,Business Analyst at Wix.com | Statistics and Economics Student at Tel Aviv University,0
117,"Can sim2robot transfer be improved by *decreasing* simulation fidelity?Â Surprisingly, yes!Â Research by FAIR and College of Computing at Georgia Tech finds that nav policies trained with *lower* fidelity physics sim resulted in *higher* zero-shot sim2real transfer on Boston Dynamics Spot.Low-fidelity sim (Kinematics) = teleporting robot. High-fidelity sim (Dynamics) = actuating robot footsteps.Â Insight: Donâ€™t train to actuate footsteps in dynamic sim. Train high-level (teleportation) policies in kinematic sim + use low-level hardware controllers.Â Why?Â Because (1) training w/ kinematic-sim is 20x faster so policies learn from more 20x more experience.Â And (2) no sim is ever perfect; simulating at a lower fidelity reduces overfitting to the inaccuracies of sim.Â We hope our work triggers a rethink in how researchers pursue sim2real and develop the simulators of tomorrow.Â Our recommendation: prioritize simulation speed not fidelity (for tasks that can be represented with abstract action spaces).Â Details:Â  arxiv.org/abs/2207.10821",0
118,Itâ€™s been three weeks now Since my promotion I work so hard for this promotion is that times I canâ€™t believe I finally did it been with Amazon for five years hard work pay off,0
119,Congratulations to the amazing team of BBT.live on the new partnership with Check Point Software Technologies Ltd ğŸ‰ Very proud of our 365x Scale Up alumni ğŸ’ª Keep up the great work ğŸŒŸMoshe Levinson Almog Duek Eitan Varon Guy Levinson#innovation #technology #cybersecurity #software #security Read the full press release here: https://lnkd.in/d9wYE-KJ,0
120,"Climate action is an ongoing process, not an event, and it requires extraordinary collaboration. That's why weâ€™re proud to help this yearâ€™s host, the COP27 Presidency of Egypt, design an agenda that moves the #climate conversation forward and turns commitments into action. ğŸŒ… COP27 will be hosted in Egypt in Sharm-el-Sheikh in November, and we are energized to be the Exclusive Consulting Partner. Join us on our journey to #COP27 and beyond! http://on.bcg.com/COP27 #BCGatCOP #GroupUpForClimate #Just_And_Ambitious",0
121,"ğŸ‰Big congratulations to group leader Steve West, who was awarded the Royal Society's Royal Medal for his research on DNA recombination and repair. Read more about his research and how he plans on using the new Â£734k grant heâ€™s received from UKRI: http://ow.ly/sSln50Krjpo",1
122,NEW: The findings could lead to earlier identification of infants at risk of being overweight and obese.Read more â¡ï¸ https://lnkd.in/gUv5GRpk,1
123,Co-founder David Scott reflects on Arborâ€™s beginnings and how genetic medicines became our focus.Â #FounderFridays,1
124,"Building a memorable brand starts with figuring out what your ""North Star"" is and creating an actionable plan to get there.Check out my full episode of The Make It Happen Show!ğŸ§ƒwhere I I discuss 3 unique ways to infuse creativity into your brand and set your company apart.ğŸ˜‰Â https://bit.ly/3pmPcy5#creativity #brand #process",0
125,"Congratulations to our @GirlsWhoCode Summer Immersion Program Class of 2022. Over 250 girls from India, Canada, EMEA and the U.S. delved into the world of programming with expert educators and Morgan Stanley technologists. Check out some of the key takeaways from our program mentors and panelists. #WomenInTech #GirlsWhoCode",0
126,"What an MONUMENTOUS DAY - In the history of ground breaking science #genetherapy , in the history of BioMarin Pharmaceutical Inc., in the history of #Hemophilia treatment and in the (history) lives of my community brothers starting in Europe!Â Â I am SO PROUD today to help lead this program that is a culmination of years of visionary and tireless efforts of scientists & dedicated professionals at BioMarin Pharmaceutical Inc. and bring such an incredible scientific advance and a transformation to the Hemophilia community!First Gene Therapy for Adults with Severe Hemophilia A, BioMarin's ROCTAVIANâ„¢ (valoctocogene roxaparvovec), Approved by European Commission (EC) - Aug 24, 2022",1
127,"ğŸª„Ho intervistato Francesca Fagnani collega bravissima e per me conduttrice di uno dei programmi piÃ¹ belli della tv: â€œBelveâ€ che per i cultori della materia, torna in autunno con addirittura tre puntate settimanali su Rai2. Abbiamo parlato di belve, di male da raccontare e di ferite. Ma soprattutto ho potuto fare a lei la sua domanda cult: â€œChe belva si sente â€œ? La risposta Ã¨ qui ğŸ‘‡ğŸ»",0
128,"University of the People I would like to thank for University Of the people to provide such fabulous learning journey! First struggling semester, but great achievement to get over CGPA 3.0. I do believe that I should learn some lessons from first term and improve on second semester. Really appreciate Dr. Charice Hayes, DBA and Dr. Victor Lee to give me many constructive and valuable comments. High-quality education always comes from US. Ending is another start. Fighting for new term!",0
129,"""Working with participants has always been a passion of mine. Having spent a lot of time in Institutional Investor Group (IIG), I have seen participants in many different stages of their journey. Whether it is helping a participant after the loss of a loved one, or ensuring participants are set up for retirement success, my time in IIG has always been rewarding. The number one thing that differentiates us from our competition is the true concern for the participant. At Vanguard, we are always acting with the participant's needs top of mind. Another key differentiator is the crew. We truly have the most talented and committed crew in the industry and we are lucky to have them assisting our clients, participants, and investors daily."" â€”Talia H., Head of IIG Participant Services #LifeatVanguard Click to learn about Vanguard IIG job opportunities.",0
130,"Tired of receiving general business advice? Want honest answers to YOUR questions? Well, I have the pleasure of partnering with 3 amazing entrepreneurs to answer your questions during a live ask us anything session. It will happen in September and I will be joined by: ğŸª James Valentine  ğŸ’«Mathilde Bernard Funderburk (MBF) Tomika Snodgrass, CTACCThe spots will be limited and additional details will be provided closer to the date. Just want to let you know this awesome, free 1 hour event is coming to give you the unbound truth of entrepreneurship. We will give you honest answers based on our real experiences. I hope to see you there. What topics would you like us to cover?------------------------------------------------ #entrepreneurship #business #success #personaldevelopment Follow me and ğŸ”” my bell to remain up to date on my journey to learn about life, balance, and business. You can also follow #savvymethod. I post M-F around 8:00 am CST. -Valincia â¤ï¸",0
131,"A new modeling study in #ScienceAdvances suggests #ClimateChange may have already doubled the likelihood of catastrophic flooding in California, and future warming will likely result in even greater increases in flood risk. Learn more: https://fcld.ly/u90knk9",0
132,I just earned a skill badge for Microsoft PowerPoint! Who's next? See how you do on a #LinkedInSkillAssessment.,0
133,PlayMedia is loadingLoaded: 2.68%0:00PlayPlayBack to start of videoBack to startStream TypeÂ LIVECurrent timeÂ 0:00/DurationÂ 0:52Â 1xPlayback speedPlayback speedTurn closed captions onShow captionsUnmuteTurn fullscreen onFullscreenMedia player modal window,0
134,Probably one of the best books I've ever read...Get this book guys...Joshua Starmer PhD one word: Quadruple BAAAAM!,0
135,"Dogs shed tears associated with positive emotions, researchers find, and this response is heightened when dogs ware reunited with their owners. #CurrentBIologyhttps://lnkd.in/eu_KX3Y2",1
136,"BGU welcomes the IDF Cyber Defense Unit to the Negev!The Israel Defense Forces school for software and cyber-security professions was inaugurated yesterday in the Hi-Tech Park (ATP) near the campus as part of the IDFâ€™s relocation to the Negev.The IDFâ€™s transfer to the Negev expands the high-tech ecosystem surrounding BGU.  We thank IDF Chief of Staff, Lieutenant General Aviv Kochavi, and the IDF Cyber Defense directorate commanders for fulfilling David Ben-Gurionâ€™s national vision to develop the Negev.Gav-Yam Negev Advanced Technologies Park (ATP)",0
137,PlayMedia is loadingLoaded: 3.93%0:00PlayPlayBack to start of videoBack to startStream TypeÂ LIVECurrent timeÂ 0:00/DurationÂ 1:09Â 1xPlayback speedPlayback speedTurn closed captions onShow captionsUnmuteTurn fullscreen onFullscreenMedia player modal window,0
138,"ğ—–ğ—¢ğ——ğ—œğ—¡ğ—š - ğ—»ğ—¼ğ˜ ğ—ºğ˜† ğ—°ğ˜‚ğ—½ ğ—¼ğ—³ ğ˜ğ—²ğ—® ... ğ—œ ğ˜ğ—µğ—¼ğ˜‚ğ—´ğ—µğ˜! ğŸ«–â¤ï¸â€ğŸ”¥ğŸ‘©ğŸ¼â€ğŸ’»A few months ago I was part of the Girls Hacker School and learned my first #Python commands!! At first #coding sounded quite far away to me and somehow unthinkable to learn â€¦ But I realized that it's like learning a new language with a little tech accent! ğŸ—¯Â ğŸ‘©ğŸ¼â€ğŸ’» My call: Hey young professionals, please make sure to consider the profession of a #programmer ain your after-school years!Â Because according to the Bitkom study of 2022, the demand for IT professionals is greater than ever!! ğŸ˜± In 2021, 86,000 positions were available in Germany, and this year, a total of 96,000 positions were to be filled - an increase of ~12%!At Deloitte we not only have many fantastic programmers, but also incredibly exciting new projects! One of them is Campfire! ğŸ•ğŸ”¥Â Campfire is the only customizable enterprise SaaS marketplace solution that enables trading, scaling and provisioning of #software and #data applications across enterprise and geographic boundaries â€¦ ğŸ¦¾ğ—§ğ—µğ—² ğ˜ğ—²ğ—®ğ—º ğ—¶ğ˜€ ğ—¹ğ—¼ğ—¼ğ—¸ğ—¶ğ—»ğ—´ ğ—³ğ—¼ğ—¿ ğ—»ğ—²ğ˜„ ğ—·ğ—¼ğ—¶ğ—»ğ—²ğ—¿ğ˜€! YOU want to become a Python Engineer at Deloitte? ğŸ‘©ğŸ¼â€ğŸ’» Check out the link in my comments!Â â¤ï¸â€ğŸ”¥ Have YOU ever coded something? If so - please tell me what it was!?",0
139,"Miller Ink is honored to announce that we have been named one of Los Angeles Business Journal's Best Places to Work! This list identifies, recognizes, and honors the best employers in Los Angeles, benefitting the country's economy, workforce and businesses. #LABJ #PRLosAngeles #BestPlacestoWork",0
140,Build up your startup by taking advantage of the JetBrains Startup Program! Get all your favorite IDEs with a 50% discount.,0
141,"What does success mean to you?I know that thought has been running through my mind over and over recently, especially with the current state of the times.I find myself grasping at straws trying to decide what success means;Â Is it having a significant impact on the world? Is it having lots of money?Getting a promotion?If we look at some of the most successful people in the world, we can see a trendâ€¦Be it Aristotleâ€¦â€œPleasure in the job puts perfection in the workâ€Or Steve Jobs..â€œThe only way to do great work is to love what you do. If you havenâ€™t found it yet, keep looking. Donâ€™t settle.â€Bottom line - Self Satisfaction is vital.Find your peace in the little things, the little successes along the way.Take note of the days where you find a reason to smile in your job or a sense of achievement, even if itâ€™s just helping your colleague decide what to eat for lunch.Â After all, Rome wasnâ€™t built in a day.Â #success #thoughtoftheday #work",0
142,"Q.  I have high blood pressure, and a friend recommended that I take a potassium supplement. Is that a good idea, and if so, how much should I take?",1
143,Boston Consulting Group (BCG) was mentioned in the news,0
144,PlayMedia is loadingLoaded: 11.55%0:00PlayPlayBack to start of videoBack to startStream TypeÂ LIVECurrent timeÂ 0:00/DurationÂ 0:15Â 1xPlayback speedPlayback speedTurn closed captions onShow captionsUnmuteTurn fullscreen onFullscreenMedia player modal window,0
145,"I've come to understand something more deeply recently.The importance of simplicity in my work, my life, in all that I do.Julian Barnes reflected once on a long career... ""There is something infinitely touching when an artist, in old age, takes on simplicity. The artist is saying: display and bravura are tricks for the young, and yes, showing off is part of ambition; but now that we are old, let us have the confidence to speak simply.""ğŸ’¡You don't have to be approaching old age to embrace simplicity, to begin to apply the learning and understanding gained through experience, your own or that of others.Simplicity in our design, services, programs, companies, and even our lives is a critical element to making things better. Even if you aren't at the end of a long career, think about how you would approach work if you were.How would you simplify and focus on only the vital things?What would you do differently?Your Daily Ikigai, today is about taking action over waiting for inspiration. It also gives a humorous look at 'Retired Dave'. Check it out.#ikigai #purpose #leadership #creativity",0
146,PlayMedia is loadingPlayPlayLoaded: 4.44%0:00Stream TypeÂ LIVERemaining timeÂ -0:30Turn closed captions onShow captionsUnmuteTurn fullscreen onFullscreenMedia player modal window,0
147,"Day 2 -Â  ğŸ‘‰ Mapmygenome, at HitexÂ #SportExpoÂ #India's, Biggest Sports and Fitness Business Expo on 27 August.â©The team interacted with the audience, about the products and services related to sports, fitness, nutrition, and wellness.To know more about preventive genomics tests, Call us at 1800-102-4595 or Whats App us at 8688310052...#sportex #sportexpo #hitexexhibition #inauguralday #inauguration #sportexpohyderabad #sportexpoinhitex #hitex #hiccstrid #hicc #sportexpohitex #event #hyderabad #telengana #india #genes #dna #personalgenomics #mapmygenome #knowyourselfHITEX SportExpo India HITEX (Hyderabad International Trade Expositions Limited) Â #hyderabadrunnersÂ Praveen ParvathaneniÂ Piyali S.Â Prakash Savkoor Yasaswini katakam NIKITA KUMARI Shubham Malekar",1
148,"Hey LinkedinA good friend of mine, Sofiya Reshina, Just made Aliya and is looking for a job as Product Marketing / Brand / Content Manager.She is super intelligent, highly motivated, and would be a great asset to every company.If you have any open roles, feel free to reach me or Sofiya ReshinaAny help would be appreciated.Thanks!",0
149,PlayMedia is loadingPlayPlayLoaded: 5.02%0:00Stream TypeÂ LIVERemaining timeÂ -0:34Turn closed captions onShow captionsUnmuteTurn fullscreen onFullscreenMedia player modal window,0
150,"#News for #Investors and #Media: Today, we announced the US FDA has accepted the new drug application for our potential treatment for #myelofibrosis patients. Learn more: https://gsk.to/3CbMD9x",1
151,Jâ€™ai le plaisir de vous annoncer que jâ€™occupe dÃ©sormais le poste de stagiaire en communication Pays (Afrique) chez Image 7.,0
152,How is THIS the view from my desk?!A month in and I still canâ€™t believe it.  #google #austintx #noogler,0
153,"Last week I had the privilege of going into the L.E.K. Consulting London Office to practice case studies and gain an insight into the firm. This was such a useful experience for me to gain a deeper understanding of the consultancy industry, the application process and L.E.K. Consulting in particular. I would like to thank Chiraag Dattani for taking the time to host this event and SEO London for making it possible.  #experience #consulting #london #oppurtunity",0
154,How to invest in the S&P 500 â€” a guide to the funds that mimic the influential index's makeup and moves,0
155,"University of the People (UoPeople) is the world's first tuition-free, non-profit, American accredited online university. As a volunteer adjunct instructor, l support their mission to make access to education a human right. #UoPeople #FreeTuitionDegree #HigherEducation",0
156,"Using a new method to simultaneously measure more than 100 industrial #chemicals and #pesticides, #JohnsHopkins researchers find #pregnant women are exposed to a wide variety of chemicals that may have adverse effects on maternal and child #health. https://bit.ly/3QRGQu8",1
157,Congratulations to #LMBAlumni Tiago Branco who has been awarded The Royal Society Francis Crick Medal and Lecture 2023!Tiago was a Group Leader in the LMBâ€™s Neurobiology Division from 2012-2016.Read more: https://lnkd.in/dGtZHxZf,1
158,"I'm happy to announce that today was my first day at Bloomberg LP!!Had a packed day of setting up my tech, learning about Bloomberg as a company, and getting set up on the Bloomberg Terminal #bloombergterminal.Was also welcomed by my new teammates Patrick Stevenson and Jianwei Li (and I can't fail to mention my TL Urs Evora, who wasn't around today but sent me a warm welcome email).Very excited about what's in store!! #newjob",0
159,"A new modeling study in #ScienceAdvances suggests #ClimateChange may have already doubled the likelihood of catastrophic flooding in California, and future warming will likely result in even greater increases in flood risk. Learn more: https://fcld.ly/u90knk9",0
160,"Google ..... A verb that resonates with my 3-year-old so well that she was excited to wear the Google T-Shirt and give me such a big hug to be working for this excellent company.  It has been 4 months of working at Google and truly enjoying the ride. I hope to continue this exciting journey to learn and contribute to the vision of the company for years to come.Thank You, Google for this wonderful opportunity.#google #thankyou #lifeatgoogle",0
161,"Whenâ€™s the last time you took a break? â˜• A quick 30 minutes to go offline and take your thoughts on a walk?Sometimes a break can make all the difference. Thatâ€™s why weâ€™ve rounded up five episodes of The #GreenRoom #podcast for your summer listening list.They feature discussions with guests who have helped us to understand how we can all take better care of ourselves. And letâ€™s be honest, we could all use a bit of that with September around the corner, right?Youâ€™ll find simple ideas on how we could all be more active â€“ or more mindful. How to go about finding that elusive work/life balance. And how to overcome imposter syndrome (you really are enough). And simply how to get stuff done â€“ and bask in that post-productivity glow.So grab your headphones and plug in ğŸ§: https://deloi.tt/3SZi2Ce",0
162,"In todayâ€™s fast-moving world, many managers and supervisors are expected to deal with some human resource issues.They may be asked to take part in developing job descriptions, take part in interviews, or take responsibility for discipline.As your business adapts and grows, HR needs to be a key consideration. Without it, you open yourself up to tribunal claims, costly pay-outs, reputational damage, and in the most serious cases, business closure. Learning to adapt is key to business success, so make sure you get it right first time.Many people find themselves in management positions because theyâ€™re good at the job. Being good at the day job and people management are two very different things.HR Hub Plus Limited is offering the following HR for Non-HR Managers course that will be delivered via Zoom, in two sessions, over two consecutive days. The duration of each session will be 3 hours.The dates are:â–ªï¸Day 1 â€“ 26th September 2022, 09:30am - 12:30pmâ–ªï¸Day 2 â€“ 27th September 2022, 09:30 am - 12:30pmAll attendees will receive an electronic certificate of attendance for their participation in the training.Who is it forâ“ï¸Individuals from all sectors including managers, supervisors, team leaders, HR professionals and business ownersEquip your managers with the skills to handle people issues, so they feel more in control, while reducing your risk of employment tribunals.Did you know that being a business owner does not make you a HR expertâ“ï¸https://lnkd.in/eQCYaVTd #business #management #learning #training #leaders #businessowners #people",0
163,Did you know: With a bit of effort you can actually retrain your mind to ditch the negative thoughts and embrace the power of positivity?!,0
164,"Today marks the end of a very special chapter of my life. After more than nine years in Faber-Castell being based in Germany and Hongkong this amazing journey has come to an end. Now is the right time for me start a new adventure in this wonderful city. IÂ´m deeply grateful that I had the chance to work for a wonderful family company with a history of more than 260 years being unique in unleashing the creative potential of so many excited consumers and having such a remarkable way in developing a sustainable future.I would like to thank all the incredible people I had the chance to meet, learn from them and help me to shape my character for life and business. A special thanks to my teams here in Hongkong and Mainland China, who gave me that very special farewell gift in which I look so much younger and nicer than in reality ;-)#fabercastell #teamspirit #sustainability #creativity",0
165,"The future just got a whole lot bigger at SunFrog! Check out the behind the scenes on whatâ€™s to comeâ€¦Looking back, itâ€™s hard to believe that this is our 9th building addition over the years! Without the hard work and creativity from our incredible staff-none of this would be possible. Another special thanks to everyone involved with this project, you all helped transform an idea into a reality. We are so excited to continuously grow and see all the new possibilities this expansion will bring!#future #enterpreneurship #podbusiness #fulfillment",0
166,"ğŸ™‹ğŸ¼â€â™€ï¸ Female Founders Wanted ğŸ™ğŸ» I am part of this years jury for the Tech Awards Gala hosted by Mali M. Baum and the WLOUNGE team.Collectively, we are looking to award women who drive innovation in one of the following categories:MedTech & Healthcare and well being, GreenTech & Sustainability,  IoT & Gaming, FinTech & Crypto, New Work - HR & Recruiting, EdTech and education, Mobility disruption, Naturally Diverse, Gen-Z Founders, Rising Stars - Early Stage StartupsYou can apply until midnight today (24th of August): https://lnkd.in/ey4Nf4dpFeel free to contact me regarding any open questions.#founders #femalefounder #startups",0
167,Dave Chapelleâ€™s zodiac sign fuels his need to cancel â€˜wokeâ€™ America,0
168,"""For many fundamental investors, relying heavily on technical data is considered a big mistake. So the first point I want to get across is essential and can be a summary for the entire article: Technical data can provide crucial fundamental insights into market behavior.""Gal Benbeniste, our Co-Founder and Chief Research Officer, has some fundamental ideas about macroeconomics and how you must follow the data.Yes, even the technical data.This is another sneak peek of how our AI Autonomous Investment  Brain has been built over the last four years and has become the cornerstone of all our investment solutions.The previous article by shilo abramovicz is attached in the first comment.#ai #data #investment #research #trading #stockmarket",0
169,"We studied the growth patterns of the worldâ€™s 5,000 largest public companies over the past 15 years to identify the clearest pathways to growth. Our findings suggest 10 rules that should guide organizations seeking to outgrow and outearn their peers. Unlock the growth code: https://mck.co/3R9C2AZ #Growth #ValueCreation",0
170,"As the 2022 PDA/FDA Joint Regulatory Conference draws closer, the list of confirmed FDA speakers continues to grow!Hear from foremost experts Center Director Dr. Peter W. Marks (CBER), Dep. Center Director Dr. Jacqueline Corrigan-Curay, JD (CDER), Center Director Dr. Steven M. Solomon (CVM), & ACRA Dr. Judith A. McMeekin (ORA) in the always-popular Center Updates session.Register now!",1
171,"For safety reasons my company Lonza is under permanent observation by Valais blacknose sheepÂ ğŸ‘ With this knowledge, I can work in peace. #Lonza #Visp #Valais #blacknosesheep #safety",0
172,PlayMedia is loadingLoaded: 11.23%0:00PlayPlayBack to start of videoBack to startStream TypeÂ LIVECurrent timeÂ 0:00/DurationÂ 0:27Â 1xPlayback speedPlayback speedTurn closed captions onShow captionsUnmuteTurn fullscreen onFullscreenMedia player modal window,0
173,Are you an early-career manager? One of the challenges youâ€™ll inevitably face is the moment you realize that someone on your team is struggling to do something youâ€™ve asked. That's why it's important to become a good teacher. I share some strategies via Harvard Business Review:Â https://lnkd.in/ent-nsKG#leadershipÂ #managementÂ #careers,0
174,"Apple, sai quanto incassa dalla pubblicitÃ ?Ma tutto il discorso sul tracciamento degli utenti e l'importanza della Privacy in questo caso non mi Ã¨ chiaro dove fa a finire...Guarda il video e dimmi la tua",0
175,PQE GroupÂ is Hiring!Check out our job opportunities and grow with us ğŸ‘‡ğŸ‘¨â€ğŸ’» PV Manager: https://bit.ly/3AP4JNN ğŸ‘·â€â™€ï¸ Automation Engineer: https://bit.ly/3RdFpX6 ğŸ‘©â€ğŸ’» Validation Consultant: https://bit.ly/3CH2U6CğŸ‘¨â€ğŸ’¼ CSV Consultant: https://bit.ly/3TczaEN ğŸ‘©â€ğŸ’¼ Validation Consultant: https://bit.ly/3pSC4kl #hiringÂ #jobopportunitiesÂ #pqegroupÂ #openpositionsÂ #wearehiring,0
176,"This is nextâ€¦(from my previous post)I can not be more proud and happy to announce that this week I have started a new journey with the biggest pharmaceutical company in the world Johnson & Johnson.One month ago I have accepted their full time job offer as a Clinical Support Specialist  in #Switzerland, but to share this moment I wanted to wait until I was here in person.Moreover I will work in the field that I care about, the #cardiovascular sector ğŸ«€. In particular in the cardiac arrhythmia disorders, supporting the devices of the global leader on the market Biosense Webster.Looking forward to seeing what the future holds ğŸ¤ğŸ»",1
177,"LUXURY ARMORS PRESENTS ""LUXARMÂ®inside"" ITS ULTIMATE ARMORING SOLUTION FOR MEGAYACHTSAs we all know, lead is a great shield against radiations but we also know it is very heavy.LUXURY ARMORS is proud to introduce ""LUXARMÂ®inside"", a superlight solution for the protection against bullets and radiations alike.Based on the ""CORMORÂ®inside"" ballistic protection sandwich, ""LUXARMÂ®inside"" sports pure gold embedded into the aramidic, polyethylene, and graphene layers.Gold is a great protection against radiation, actually better than lead as it is a denser material albeit its lower atomic mass, but because of its price, it is almost never used in radiation protection.LUXURY ARMORS is the first company introducing a complete protection solution which might be even lighter than your original unprotected solution (thus increasing the performance of your yacht), and at the same time giving you a feeling of even more exclusivity, luxury, and elegance.""LUXARMÂ®inside"" is available both as new construction material and as retrofit panels.In its soft version, ""LUXARMÂ®inside"" can be used as lining for high-end bulletproof apparel.LUXURY ARMORS also provides complete protection against electromagnetic attacks (EMP, EMF, spoofing, electronic warfare and electronic eavesdropping), thus making your yacht your perfect safe-room.LUXURY ARMORS .. when luxury is a lifesaving feature.#megayacht #superyacht #gold #foil #radiation #radiationsafety #radiationprotection #ballistic #protection #luxury #luxurylifestyle #luxuryliving #uhnwi #vipprotection #viptravel #shipyard #exclusivedesign #exclusiveliving #lifestyle #fashiondesign #panic #safety #saferoom #panicroom #serenity #citadel #bulletproof #apparel #emp #electromagnetic #electronicwarfare #spoofing #surgeprotection #eavesdropping #espionage",0
178,"Want free tools and resources to build a successful startup? Azure credits, access to mentors, technical advisory sessions, dev tools and more - it's all part of Microsoft for Startups Founders Hub. Open to anyone with an idea - no funding required.",0
179,"JakÄ… mamy mÅ‚odzieÅ¼? WÅ‚aÅ›nie takÄ…. Nie staÄ‡ mnie byÅ‚o na takÄ… promocjÄ™ Festiwalu Lema. Priorytetem jest, by wejÅ›ciÃ³wki byÅ‚y dla wszystkich darmowe. I tak bÄ™dzie. ÅÄ…czna liczba followersÃ³w mÅ‚odych, ktÃ³rzy wczoraj przyszli do Skyfall Warsaw mi z pomocÄ… przekracza 20 MLN. KaÅ¼dy zajmuje siÄ™ czym innym. WÅ›rÃ³d nich czÅ‚owiek, ktÃ³ry w wieku 17 lat stworzyÅ‚ pierwszy algorytm walczÄ…cy z zasypianiem za kierownicÄ…. Student matematyki na UW i jednoczeÅ›nie medycyny na Warszawskim Uniwersytecie Medycznym tworzÄ…cy model predykcyjny, ktÃ³ry pozwoli z duÅ¼Ä… dokÅ‚adnoÅ›ciÄ… okreÅ›liÄ‡, w jaki sposÃ³b wirusy mutujÄ… i ktÃ³re konkretne geny sÄ… bardziej skÅ‚onne do mutacji. PoÅ‚Ä…czyÅ‚a ich wszystkich chÄ™Ä‡ dialogu z naukÄ…. DziÄ™kujÄ™. Uwielbiam Was. Dla Was to wszystko robiÄ™. ParÄ™ dni temu usÅ‚yszaÅ‚em w Berlinie, Å¼e nasz kraj ma najlepszych inÅ¼ynierÃ³w na Å›wiecie. Nie wiem czy tak jest ale wiem, Å¼e tych inÅ¼ynierÃ³w chcÄ™ promowaÄ‡. To bÄ™dzie piÄ™kne Å›wiÄ™to nauki, technologii i kultury.  WejÅ›ciÃ³wki: tiny.pl/wx5pf",0
180,"Research, funded by us, and recently published in Nature Communications, has found a way to reduce the severity of inflammatory bowel disease (IBD), which can reduce the risk of bowel cancer in IBD patients. Even better, thereâ€™s already a drug we can use to do it.The drug, called vismodegib, can inhibit Hedgehog signals in our bodies, and this can potentially prevent certain immune cells from causing the chronic inflammation we see in IBD.This new course of treatment isnâ€™t as a permanent fix for IBD, however it can slow down the progression of the disease and therefore lower the risk of bowel cancer in IBD patients, as well as opening up a whole host of possibilities for the treatment of autoimmune diseases. https://bit.ly/3wljfdA",1
181,"August 26th is #WomensEqualityDay!National Women's Equality Day is a day when the world celebrates the social, economic, cultural, and political achievements of women around the world.#pqegroup #equality #bethechange",0
182,Wie komt ons logistieke team versterken?#wemakefoodmatter#wherepeoplematter,0
183,"A cyclist rides past the new Blum Family Resource Van at Carson Beach in South Boston. The Sun Safety Program brings Dana-Farber's Blum Family Resource Center Van to beaches, health fairs, communities, and corporate events in and around Boston.#photooftheweek",0
184,"PlayMedia is loadingLoaded: 0.10%00:00PlayPlayBack to start of videoBack to startSkip back 10 secondsSkip backSkip ahead 10 secondsSkip aheadStream TypeÂ LIVECurrent timeÂ 0:00/DurationÂ 30:37Â 1xPlayback speedPlayback speed0.5x0.75x1x, selected1.25x1.5x1.75x2xOpen Captions MenuCaptionsOff, selectedUnmuteTurn fullscreen onFullscreenMedia player modal window",0
185,"""New possibilities can be far more rewarding than doggedly sticking to a years-old dream.""This week's Working Life.",0
186,The gap between the life you want and the life you are living is called: FOCUSMINDSETand CONSISTENCY. Follow & hit the ğŸ”” on my profile#Startups #Futureofwork #Remotework,0
187,"Dr.Â Seuss wrote â€˜If youâ€™ll come out, youâ€™ll arrive to wonderful placesâ€™.This is exactly what I have been experiencing in the last month when joining Citi innovation lab as an innovation lead and BizDev to promote the #innovation we are creating in the lab for the banksâ€™ business users.We are one of the world's most recognized innovation labs, developing innovation enabled by cutting edge technologies.So, it is not surprising that the Global Finance Magazine has named Citi innovation lab as one of the Worldâ€™s Best Financial Innovation Labs, as part of the Innovators 2022.As a long-life learner, I am focusing on learning all the digital wonders the lab is creating enabled by low-code-no-code solutions and services, #NLP, digital assets and #blockchain, AI, ML and deep learning, external innovation and even looking at the #metaverse .I am so very honored to have joined such an innovative and amazing place and would like to thank all the wonderful people that have welcomed me with big smiles and willingness to support. Avi Gefen, ğŸ§¡ Sarit Dekel, Adi Ashkenazi Matsliah, Hadas Shilon,  Avi Tenzer, Tamar Yanushevsky Naaman, Deborah Vickers, Asaf S.l, Elizabeth Donley, MBA, PMP, ACP, POPM, ITIL, CGBP, Hilla Gardi, Roni Aloni, May Melamed, Merav Levy Ella, Eti Texer, Tomer David and many more - Â you are the best!This is a grate opportunity to thank all my colleagues at #ICL, where I have worked and flourished in the past 7 years. ICL Group has been a great place for me to develop my professional skills and to promote my expertise in creativity, #digitaltransformation and more.Thank you Miri Mishor, Arnon Columbus, Itzik Cohen, Yotam Babai, Alex Domshlak, Alberto (Deto) Hasson and all other managers and colleagues that have become good and close friends.Coming back to Dr. Seussâ€™ book â€˜Oh, The Places You'll Go!â€™, I am really curious to discover the new places and adventures waiting for me on my new journey at #Citi.Lets see what the future will bring for me.",0
188,"As the father of four daughters, August is always a busy time preparing for a new school year and this year I found myself reflecting as my daughters are now beginning to settle into their new school in Thailand. This summer brought about many major changes for my family and for the growth of Clean Energy Associates (CEA), and as such I want everyone to reflect on the future that we are building for our children. With the recent passage of the Inflation Reduction Act (#inflationreductionact), I am encouraged that major steps are being taken in the US to address the climate transition by building more solar capacity throughout the value chain, but with another summer of record-breaking heat and wildfires, there is still much more work that we must do. Â I wish all of you a great weekend and please reach out if CEAâ€™s teams can help with your #ManufacturingServices, #Engineering Services, #SupplyChain or #QualityAssurance needs.",0
189,"Un'agenzia immobiliare Ã¨ ROCK se:ğŸ’¥ Unisce competenza e tecnologia con servizi onlineğŸ’¥ Ti vende la casa entro 45 giorni e con una commissione fissa e trasparenteğŸ’¥ Ti tiene aggiornato costantemente sulla trattativa tramite una dashboard personalizzataâš¡ Insomma Ã¨ rock se ti fa risparmiare tempo e denaro da dedicare a ciÃ² che ami!RockAgent, la tua agenzia immobiliare di fiducia!Contattaci e prenota una consulenza gratuitawww.rockagent.it",0
190,Monday Interview: Mitchell bringing â€˜different perspectiveâ€™ to Deloitte,0
191,"University of the People I would like to thank for University Of the people to provide such fabulous learning journey! First struggling semester, but great achievement to get over CGPA 3.0. I do believe that I should learn some lessons from first term and improve on second semester. Really appreciate Dr. Charice Hayes, DBA and Dr. Victor Lee to give me many constructive and valuable comments. High-quality education always comes from US. Ending is another start. Fighting for new term!",0
192,Amgen presents new data at the European Society of Cardiology 2022Â annual meeting highlighting FOURIER-OLE long-term data. #ESCCongress Click here to learn more: https://bit.ly/3pxx9W6,1
193,"Thank you University of the People. Being a livelong learner is something I cherish alot. it has not been an easy task trying to balance studies with work and being a father. However long term progression plan makes it easier as I see this as part of my journey. University of the People has made the journey awesome so far with great faculties, thorough and we'll structured but demanding learning process. Thanks for the great Experience. Cheers to the next Term!!!!",0
194,"TLDR: Massive Resource Give Away Alert!Â Reading is a habit I built ardently right from my Bschool days on diverse aspects of business, management & economy.Â In the process I gathered a few hundred pieces of content in the form of links, PDFs & JPEG's across domains.Â A lot of professionals, bschoolers & aspirants aware of my data bank reach out regularly for their assignments, competitions, projects, internships or interview prep to seek relevant content for success in their endeavors.Â I've decided to share domain specific content published by highly reputed organizations/ institutions & individuals curated into the following domains for ease & relevance.Â Each domain contains resources related to topics mentioned alongside & beyond.Â Â #finance  - IB, Investing, Stock Market, Valuations, Fintech, Accounting, Banking Â #marketing  - Advertising, Branding, Consumer Behavior, Communication, Digital MarketingÂ #consultants  â€“ Consulting Case Booklets, Industry Snapshots, Frameworks, & other material from industry & academia.Â #hr  â€“ Best Practices, Recruiting, Employee Benefits, HR Analytics, HR Case Studies, HR Consulting Â #technology  - Data Science, Data Mining, AI, ML, Analytics, Web3, CryptoÂ #strategy  â€“ Strategy Case Studies, Analysis of leading brands, Success Stories Â #startup  - Funding, Unicorns, Emerging sectors, Toolkits/ frameworksÂ I am planning to share the above resources one domain at a time from the first week of September based on the response to this post. Â If interested in any of the above resources please mention the domain(s) of interest in the comments and based on the most sought domains I'll sequence the resource sharing posts. Â Connect/ follow to be notified about the resource sharing post(s) in the following weeks & tag your friends who may also be interested in these resources! Share the post if you have ever benefitted from my resource pool!",0
195,"Tremendous memories flood my brain as the end of my term grows near with my current employer of 18 years. Although I may not entirely understand why the need for the change, August 31st is my last day with HSN.  This news was a surprise, but I am very thankful for the way my company has handled our exit, giving me and my 3 partners time to reflect and say goodbye to the family that we have created at the network. I am looking forward to what my future holds in my search for that new career.  On that note, if anyone is looking for an outgoing, friendly, hard working, customer service & sales knowledgeable, genuine individual, please do not hesitate to reach out. #career #future #change #customerservice",0
196,BlackRock labels Texas â€˜anti-competitiveâ€™ over ESG blacklisting,0
197,"Introducing Formy: the AI-driven candidate evaluator for hiring!Follow the official LinkedIn page to stay up to date, and look out for the launch of Formy Alpha - coming soon!#ai #hiring",0
198,I'm  happy to announce that I will start a new position as Software Engineer at Google!,0
199,Boston Consulting Group (BCG) was mentioned in the news,0
200,"JWhy should we learn to translate Statistics? There are two main ways that I have found to learn formulas and concepts in statistics: 1.     Memorize formulas. 2.     Understand the idea behind it. Although Some of us might find it easier to keep statistics in the realm of rules, I found that I understand concepts better when I can explain to myself (and others) the idea behind it. This enables me not only to understand the concept Iâ€™m studying better but also to apply the same logic to many other concepts in the world of statistics. Furthermore, while I am a huge statistics geek, I accept that most people I am surrounded by are in fact not huge fans of statistics. So, in order to convey my work to others from different fields I must learn to translate it to a language others speak. One amazing example of this way of looking at statistics is the YouTube channel â€œStatQuestâ€ by Joshua Starmer PhD . Each video discusses and explains a specific concept and in my opinion does a great job at explaining the ideas behind these concepts and translating statistics into plain English. Please let me know if you already have a favorite video (I have a few) and of your favorite YouTube channel for learning statistics. MASSIVE BAM! #statistics #learning #video # ",0
